{"cameraMode":{"drawMode":0,"name":"Shaded","section":"Shading Mode"},"sceneLighting":false,"audioPlay":false,"sceneViewState":{"showFog":true,"showMaterialUpdate":false,"showSkybox":false,"showFlares":true,"showImageEffects":true,"showParticleSystems":true,"showVisualEffectGraphs":true,"m_FxEnabled":true},"in2DMode":false,"pivot":{"x":-0.20944440364837647,"y":0.24026072025299073,"z":0.2724294662475586},"rotation":{"x":-0.39929693937301638,"y":0.29178252816200259,"z":-0.13574835658073426,"w":-0.8586166501045227},"size":1.4660253524780274,"orthographic":false}