{"cameraMode":{"drawMode":0,"name":"Shaded","section":"Shading Mode"},"sceneLighting":true,"audioPlay":false,"sceneViewState":{"showFog":true,"showMaterialUpdate":false,"showSkybox":true,"showFlares":true,"showImageEffects":true,"showParticleSystems":true,"showVisualEffectGraphs":true,"m_FxEnabled":true},"in2DMode":false,"pivot":{"x":4.404323101043701,"y":-113.00065612792969,"z":-39.624141693115237},"rotation":{"x":-0.711748480796814,"y":0.004422330297529697,"z":-0.004481915384531021,"w":-0.7024111151695252},"size":164.34803771972657,"orthographic":false}