{"cameraMode":{"drawMode":0,"name":"Shaded","section":"Shading Mode"},"sceneLighting":true,"audioPlay":false,"sceneViewState":{"showFog":true,"showMaterialUpdate":false,"showSkybox":true,"showFlares":true,"showImageEffects":true,"showParticleSystems":true,"showVisualEffectGraphs":true,"m_FxEnabled":true},"in2DMode":false,"pivot":{"x":2.9949278831481935,"y":-92.40750122070313,"z":2.054399013519287},"rotation":{"x":-0.6993012428283691,"y":-0.0017655008705332876,"z":0.0016175344353541732,"w":-0.7149798274040222},"size":140.55313110351563,"orthographic":false}