{"cameraMode":{"drawMode":0,"name":"Shaded","section":"Shading Mode"},"sceneLighting":true,"audioPlay":false,"sceneViewState":{"showFog":true,"showMaterialUpdate":false,"showSkybox":true,"showFlares":true,"showImageEffects":true,"showParticleSystems":true,"showVisualEffectGraphs":true,"m_FxEnabled":true},"in2DMode":false,"pivot":{"x":1.0565574169158936,"y":-274.0372314453125,"z":-4.593013763427734},"rotation":{"x":0.721183180809021,"y":-0.0018788641318678856,"z":0.0019456320442259312,"w":0.6927561163902283},"size":255.27015686035157,"orthographic":false}