{"cameraMode":{"drawMode":0,"name":"Shaded","section":"Shading Mode"},"sceneLighting":true,"audioPlay":false,"sceneViewState":{"showFog":true,"showMaterialUpdate":false,"showSkybox":true,"showFlares":true,"showImageEffects":true,"showParticleSystems":true,"showVisualEffectGraphs":true,"m_FxEnabled":true},"in2DMode":false,"pivot":{"x":14.62299919128418,"y":-64.29658508300781,"z":0.2113819718360901},"rotation":{"x":0.7057146430015564,"y":0.0002409197186352685,"z":-0.00017502748232800514,"w":0.7086647748947144},"size":125.58030700683594,"orthographic":false}