{"cameraMode":{"drawMode":0,"name":"Shaded","section":"Shading Mode"},"sceneLighting":true,"audioPlay":false,"sceneViewState":{"showFog":true,"showMaterialUpdate":false,"showSkybox":true,"showFlares":true,"showImageEffects":true,"showParticleSystems":true,"showVisualEffectGraphs":true,"m_FxEnabled":true},"in2DMode":false,"pivot":{"x":-11.467276573181153,"y":-168.50250244140626,"z":140.8702392578125},"rotation":{"x":0.44976168870925906,"y":-0.005099049769341946,"z":0.002558227861300111,"w":0.8931443095207214},"size":145.8886260986328,"orthographic":false}