{"cameraMode":{"drawMode":0,"name":"Shaded","section":"Shading Mode"},"sceneLighting":true,"audioPlay":false,"sceneViewState":{"showFog":true,"showMaterialUpdate":false,"showSkybox":true,"showFlares":true,"showImageEffects":true,"showParticleSystems":true,"showVisualEffectGraphs":true,"m_FxEnabled":true},"in2DMode":false,"pivot":{"x":-38.50434875488281,"y":80.65230560302735,"z":107.84850311279297},"rotation":{"x":-0.0035376488231122495,"y":0.9135393500328064,"z":-0.4066578149795532,"w":-0.007947123609483242},"size":32.58390426635742,"orthographic":false}